observation_date,DGS3MO,DGS1,DGS2,DGS5,DGS10,DGS30,CPIAUCSL,CPILFESL,FEDFUNDS,UNRATE,GDPC1,INDPRO,RSAFS,HOUST,UMCSENT,VIXCLS,DCOILWTICO
1992-01,3.94,4.23,5.11,6.44,7.31,7.77,138.3,145.1,4.03,7.3,10236.435,61.4616,159177.0,1176.0,67.5,17.68318181818182,18.785454545454545
1992-02,4.03,4.35,5.27,6.58,7.27,7.8,138.6,145.4,4.06,7.4,10236.435,61.8955,159189.0,1250.0,68.8,17.47736842105263,19.0125
1992-03,4.15,4.54,5.6,6.94,7.54,7.96,139.1,145.9,3.98,7.4,10236.435,62.4232,158647.0,1297.0,76.0,17.520454545454545,18.921818181818182
1992-04,3.79,4.4,5.46,6.91,7.61,8.06,139.4,146.3,3.73,7.4,10347.429,62.897,159921.0,1099.0,77.2,16.562857142857144,20.23
1992-05,3.79,4.24,5.19,6.61,7.33,7.84,139.7,146.8,3.82,7.6,10347.429,63.104,160471.0,1214.0,79.2,15.077000000000002,20.9755
1992-06,3.65,4.05,4.83,6.29,7.14,7.79,140.1,147.1,3.76,7.8,10347.429,63.1363,161205.0,1145.0,80.4,15.203181818181816,22.384545454545453
1992-07,3.25,3.62,4.42,5.84,6.72,7.46,140.5,147.6,3.25,7.7,10449.673,63.7176,162855.0,1139.0,76.6,13.601818181818182,21.77521739130435
1992-08,3.23,3.47,4.15,5.6,6.62,7.42,140.8,147.9,3.3,7.6,10449.673,63.3613,162412.0,1226.0,76.1,14.421904761904763,21.33904761904762
1992-09,2.75,3.06,3.8,5.33,6.37,7.38,141.1,148.1,3.22,7.6,10449.673,63.5703,164361.0,1186.0,75.6,13.696666666666667,21.881363636363634
1992-10,3.03,3.54,4.4,5.9,6.8,7.63,141.7,148.8,3.1,7.3,10558.648,63.9995,166063.0,1244.0,73.3,17.63681818181818,21.68590909090909
1992-11,3.38,3.83,4.79,6.23,6.95,7.59,142.1,149.2,3.09,7.4,10558.648,64.2422,166124.0,1214.0,85.3,14.4245,20.3385
1992-12,3.15,3.61,4.56,6.04,6.7,7.4,142.3,149.6,2.92,7.4,10558.648,64.3507,167691.0,1227.0,91.0,12.191363636363635,19.41409090909091
1993-01,2.96,3.39,4.2,5.57,6.39,7.21,142.8,150.1,3.02,7.3,10576.275,64.5978,169500.0,1210.0,89.3,12.409,19.032
1993-02,3.01,3.32,3.92,5.21,6.03,6.9,143.1,150.6,3.03,7.1,10576.275,64.9089,168840.0,1210.0,86.6,13.72157894736842,20.086111111111112
1993-03,2.95,3.32,3.96,5.24,6.03,6.93,143.3,150.8,3.07,7.0,10576.275,64.8522,167682.0,1083.0,85.9,13.60608695652174,20.32217391304348
1993-04,2.97,3.26,3.83,5.14,6.05,6.95,143.8,151.4,2.96,7.1,10637.847,65.0301,172102.0,1258.0,85.6,12.840952380952379,20.2525
1993-05,3.13,3.62,4.24,5.37,6.16,6.98,144.2,151.8,3.0,7.1,10637.847,64.784,172960.0,1260.0,80.3,13.606,19.9495
1993-06,3.1,3.45,4.03,5.05,5.8,6.68,144.3,152.1,3.04,7.0,10637.847,64.9301,173018.0,1280.0,81.5,12.524090909090908,19.09409090909091
1993-07,3.1,3.53,4.13,5.16,5.83,6.57,144.5,152.3,3.06,6.9,10688.606,65.1052,175822.0,1254.0,77.0,11.50047619047619,17.89
1993-08,3.08,3.38,3.88,4.8,5.45,6.09,144.8,152.8,3.03,6.8,10688.606,65.0267,175233.0,1300.0,77.3,11.928636363636365,18.01090909090909
1993-09,2.98,3.39,3.89,4.79,5.4,6.04,145.0,152.9,3.09,6.7,10688.606,65.3717,176608.0,1343.0,77.9,12.931428571428572,17.504285714285714
1993-10,3.1,3.47,3.99,4.83,5.43,5.96,145.6,153.4,2.99,6.8,10833.987,65.8509,177588.0,1392.0,82.7,11.875238095238094,18.153333333333332
1993-11,3.21,3.65,4.22,5.15,5.83,6.29,146.0,153.9,3.02,6.6,10833.987,66.1518,179758.0,1376.0,81.2,14.083809523809524,16.60904761904762
1993-12,3.07,3.63,4.25,5.21,5.83,6.35,146.3,154.3,2.96,6.5,10833.987,66.5436,181077.0,1533.0,88.2,11.356363636363637,14.514761904761905
1994-01,3.05,3.53,4.12,5.02,5.7,6.23,146.3,154.5,3.05,6.6,10939.116,66.7351,179615.0,1272.0,94.3,11.29047619047619,15.026666666666667
1994-02,3.47,4.03,4.67,5.6,6.15,6.67,146.7,154.8,3.25,6.6,10939.116,66.774,183101.0,1337.0,93.2,13.64421052631579,14.78105263157895
1994-03,3.56,4.5,5.21,6.23,6.77,7.11,147.1,155.3,3.34,6.5,10939.116,67.4552,186721.0,1564.0,91.5,15.223478260869564,14.680869565217392
1994-04,3.97,5.07,5.73,6.64,7.06,7.31,147.2,155.5,3.56,6.4,11087.361,67.8541,186423.0,1465.0,92.6,16.471052631578946,16.419999999999998
1994-05,4.31,5.38,6.01,6.77,7.17,7.44,147.5,155.9,4.01,6.1,11087.361,68.1663,185616.0,1526.0,92.8,13.897142857142857,17.88904761904762
1994-06,4.26,5.51,6.19,6.97,7.34,7.63,147.9,156.4,4.25,6.1,11087.361,68.6265,187800.0,1409.0,91.2,13.408636363636363,19.06
1994-07,4.39,5.37,5.99,6.73,7.12,7.39,148.4,156.7,4.26,6.1,11152.176,68.7178,188062.0,1439.0,89.0,12.4845,19.654500000000002
1994-08,4.68,5.56,6.17,6.81,7.19,7.46,149.0,157.1,4.47,6.0,11152.176,69.1785,190771.0,1450.0,91.7,11.889130434782608,18.383478260869566
1994-09,4.8,5.96,6.62,7.28,7.62,7.82,149.3,157.5,4.73,5.9,11152.176,69.3961,192585.0,1474.0,91.5,13.233333333333333,17.445714285714285
1994-10,5.2,6.18,6.84,7.48,7.81,7.97,149.4,157.8,4.76,5.8,11279.932,69.9544,193914.0,1450.0,92.7,15.245238095238093,17.716190476190476
1994-11,5.72,6.91,7.4,7.79,7.91,7.99,149.8,158.2,5.29,5.6,11279.932,70.4326,194425.0,1511.0,91.6,16.383809523809525,18.069499999999998
1994-12,5.68,7.2,7.69,7.83,7.84,7.89,150.1,158.3,5.45,5.5,11279.932,71.1523,194939.0,1455.0,95.1,14.177142857142858,17.15952380952381
1995-01,6.0,6.84,7.26,7.54,7.6,7.71,150.5,159.0,5.53,5.6,11319.951,71.2734,195908.0,1407.0,97.6,12.274285714285714,18.039523809523807
1995-02,5.94,6.44,6.79,7.06,7.22,7.46,150.9,159.4,5.92,5.4,11319.951,71.193,193068.0,1316.0,95.1,11.47,18.57
1995-03,5.88,6.49,6.8,7.08,7.2,7.44,151.2,159.9,5.98,5.4,11319.951,71.3113,195179.0,1249.0,90.3,12.166521739130435,18.539130434782606
1995-04,5.87,6.32,6.6,6.88,7.07,7.34,151.8,160.4,6.05,5.8,11353.721,71.1882,195310.0,1267.0,92.5,12.442631578947369,19.896315789473682
1995-05,5.81,5.8,5.89,6.08,6.3,6.67,152.1,160.7,6.01,5.6,11353.721,71.5378,198060.0,1314.0,89.8,12.265909090909092,19.741818181818182
1995-06,5.6,5.65,5.79,5.98,6.21,6.63,152.4,161.1,6.0,5.6,11353.721,71.7749,200383.0,1281.0,92.7,11.896818181818183,18.44590909090909
1995-07,5.6,5.67,5.88,6.16,6.45,6.86,152.6,161.4,5.85,5.7,11450.31,71.4748,199110.0,1461.0,94.4,12.514,17.325499999999998
1995-08,5.45,5.65,5.85,6.07,6.28,6.65,152.9,161.8,5.74,5.7,11450.31,72.4223,201078.0,1416.0,96.2,12.798260869565217,18.020869565217392
1995-09,5.4,5.65,5.83,6.01,6.17,6.49,153.1,162.2,5.8,5.6,11450.31,72.7144,201337.0,1369.0,88.9,12.057,18.2255
1995-10,5.48,5.55,5.61,5.81,6.03,6.34,153.5,162.7,5.76,5.5,11528.067,72.5866,200597.0,1369.0,90.2,14.357272727272727,17.43318181818182
1995-11,5.48,5.36,5.36,5.53,5.76,6.14,153.7,163.0,5.8,5.6,11528.067,72.7779,203545.0,1452.0,88.2,12.46904761904762,17.9925
1995-12,5.1,5.18,5.18,5.38,5.58,5.96,153.9,163.1,5.6,5.6,11528.067,73.0305,204032.0,1431.0,91.0,11.7485,19.026500000000002
1996-01,5.05,4.9,4.93,5.25,5.6,6.03,154.7,163.7,5.56,5.6,11614.418,72.6125,203793.0,1467.0,89.3,13.473636363636365,18.854545454545455
1996-02,5.02,5.23,5.44,5.73,6.13,6.48,155.0,164.0,5.22,5.5,11614.418,73.6752,206875.0,1491.0,88.5,15.032999999999998,19.0935
1996-03,5.13,5.41,5.79,6.1,6.34,6.67,155.5,164.4,5.31,5.5,11614.418,73.585,207650.0,1424.0,93.7,17.76238095238095,21.33238095238095
1996-04,5.14,5.62,6.03,6.4,6.66,6.89,156.1,164.6,5.22,5.6,11808.14,74.3172,209294.0,1516.0,92.7,16.575238095238095,23.497142857142858
1996-05,5.18,5.77,6.27,6.64,6.85,7.0,156.4,165.0,5.24,5.6,11808.14,74.8726,211157.0,1504.0,89.4,16.14636363636364,21.165454545454544
1996-06,5.18,5.7,6.11,6.47,6.73,6.9,156.7,165.4,5.27,5.3,11808.14,75.4433,209474.0,1467.0,92.4,16.395,20.4235
1996-07,5.32,5.85,6.22,6.57,6.8,6.98,157.0,165.7,5.4,5.5,11914.063,75.4549,210827.0,1472.0,94.7,17.978636363636365,21.302272727272726
1996-08,5.29,5.91,6.34,6.73,6.96,7.13,157.2,166.0,5.22,5.1,11914.063,75.8411,210846.0,1557.0,95.3,15.760454545454547,21.903181818181817
1996-09,5.14,5.71,6.1,6.46,6.72,6.93,157.7,166.5,5.3,5.2,11914.063,76.3158,213233.0,1475.0,94.7,16.578,23.9715
1996-10,5.17,5.44,5.77,6.1,6.37,6.66,158.2,166.8,5.24,5.2,12037.775,76.3384,215526.0,1392.0,96.5,16.38173913043478,24.87913043478261
1996-11,5.13,5.38,5.59,5.84,6.06,6.36,158.7,167.2,5.31,5.4,12037.775,77.0397,215167.0,1489.0,99.2,15.997,23.705000000000002
1996-12,5.21,5.51,5.88,6.21,6.43,6.65,159.1,167.4,5.29,5.4,12037.775,77.5333,215690.0,1370.0,96.9,19.260952380952382,25.228571428571428
1997-01,5.15,5.58,5.94,6.26,6.53,6.8,159.4,167.8,5.25,5.3,12115.472,77.6562,218124.0,1355.0,97.4,19.473333333333333,25.13181818181818
1997-02,5.22,5.67,6.09,6.39,6.56,6.8,159.7,168.1,5.19,5.2,12115.472,78.5833,219587.0,1486.0,99.7,20.139473684210525,22.176315789473687
1997-03,5.35,6.02,6.45,6.77,6.92,7.1,159.8,168.4,5.39,5.2,12115.472,79.082,221189.0,1457.0,100.0,20.169999999999998,20.965
1997-04,5.28,5.9,6.29,6.57,6.72,6.95,159.9,168.9,5.51,5.1,12317.221,79.1747,217925.0,1492.0,101.4,19.662272727272725,19.695454545454545
1997-05,4.96,5.78,6.22,6.51,6.67,6.92,159.9,169.2,5.5,4.9,12317.221,79.6133,217771.0,1442.0,103.2,19.924761904761905,20.81904761904762
1997-06,5.25,5.67,6.08,6.4,6.51,6.8,160.2,169.4,5.56,5.0,12317.221,79.9792,220233.0,1494.0,104.5,20.194285714285712,19.26
1997-07,5.25,5.45,5.74,5.9,6.02,6.3,160.4,169.7,5.52,4.9,12471.01,80.6624,222985.0,1437.0,107.1,20.529090909090908,19.663636363636364
1997-08,5.24,5.59,5.97,6.22,6.34,6.61,160.8,169.8,5.54,4.8,12471.01,81.4694,223120.0,1390.0,104.4,23.084761904761905,19.95285714285714
1997-09,5.06,5.47,5.8,6.0,6.12,6.41,161.2,170.2,5.54,4.9,12471.01,82.2156,224509.0,1546.0,106.0,23.812380952380952,19.803333333333335
1997-10,5.21,5.36,5.63,5.72,5.84,6.15,161.5,170.6,5.5,4.7,12577.495,82.9446,224300.0,1520.0,105.6,23.87086956521739,21.32521739130435
1997-11,5.22,5.52,5.76,5.83,5.86,6.04,161.7,170.8,5.52,4.6,12577.495,83.5978,223718.0,1510.0,107.2,32.20611111111111,20.19388888888889
1997-12,5.36,5.51,5.66,5.71,5.75,5.93,161.8,171.2,5.5,4.7,12577.495,83.9538,225236.0,1566.0,102.1,26.276363636363637,18.332727272727272
1998-01,5.19,5.24,5.32,5.39,5.53,5.82,162.0,171.6,5.56,4.6,12703.742,84.3218,225954.0,1525.0,106.6,23.8665,16.724
1998-02,5.32,5.41,5.55,5.59,5.62,5.92,162.0,171.9,5.51,4.6,12703.742,84.4583,225746.0,1584.0,110.4,19.998947368421053,16.06
1998-03,5.16,5.41,5.6,5.64,5.67,5.94,162.0,172.2,5.49,4.7,12703.742,84.488,226889.0,1567.0,106.5,20.158636363636365,15.115454545454547
1998-04,5.0,5.4,5.59,5.65,5.68,5.95,162.2,172.5,5.45,4.3,12821.339,84.7779,230409.0,1540.0,108.7,22.02857142857143,15.353809523809524
1998-05,5.03,5.42,5.53,5.56,5.56,5.81,162.6,172.9,5.49,4.4,12821.339,85.3367,230995.0,1536.0,106.5,20.874000000000002,14.914000000000001
1998-06,5.1,5.38,5.49,5.47,5.44,5.62,162.8,173.2,5.56,4.5,12821.339,84.8248,233207.0,1641.0,105.6,21.66272727272727,13.72181818181818
1998-07,5.1,5.38,5.49,5.52,5.5,5.72,163.2,173.5,5.54,4.5,12982.752,84.4986,231551.0,1698.0,105.2,19.930000000000003,14.172727272727274
1998-08,4.96,4.95,4.91,4.91,5.05,5.3,163.4,174.0,5.55,4.5,12982.752,86.248,229792.0,1614.0,104.4,31.58809523809524,13.47190476190476
1998-09,4.37,4.41,4.3,4.23,4.44,4.98,163.5,174.2,5.51,4.6,12982.752,86.2021,232308.0,1582.0,100.9,38.2047619047619,15.031428571428572
1998-10,4.33,4.18,4.12,4.24,4.64,5.15,163.9,174.4,5.07,4.5,13191.67,86.7914,236174.0,1715.0,97.4,36.60818181818182,14.460909090909091
1998-11,4.57,4.53,4.54,4.51,4.74,5.08,164.1,174.8,4.83,4.4,13191.67,86.7256,237592.0,1660.0,102.7,26.223000000000003,13.002105263157894
1998-12,4.48,4.53,4.54,4.56,4.65,5.09,164.4,175.4,4.68,4.4,13191.67,87.1185,240140.0,1792.0,100.5,25.479090909090907,11.347272727272726
1999-01,4.48,4.51,4.58,4.55,4.66,5.09,164.7,175.6,4.63,4.3,13315.597,87.4949,240269.0,1748.0,103.9,28.035263157894736,12.514736842105263
1999-02,4.66,4.88,5.13,5.21,5.29,5.57,164.7,175.6,4.76,4.4,13315.597,88.027,243346.0,1670.0,108.1,28.82263157894737,12.013684210526316
1999-03,4.49,4.72,4.99,5.12,5.25,5.63,164.8,175.7,4.81,4.2,13315.597,88.2267,244687.0,1710.0,105.7,25.309565217391306,14.676521739130434
1999-04,4.55,4.78,5.08,5.24,5.36,5.68,165.9,176.3,4.74,4.3,13426.748,88.4295,246628.0,1553.0,104.6,23.478571428571428,17.312380952380952
1999-05,4.66,4.97,5.42,5.6,5.64,5.84,166.0,176.5,4.74,4.2,13426.748,88.9886,248367.0,1611.0,106.8,26.204500000000003,17.7185
1999-06,4.78,5.07,5.53,5.67,5.81,5.98,166.0,176.6,4.76,4.3,13426.748,88.9188,249329.0,1559.0,107.3,23.626363636363635,17.923181818181817
1999-07,4.75,5.13,5.63,5.82,5.92,6.11,166.7,177.1,4.99,4.3,13604.771,89.4333,251263.0,1669.0,106.0,21.04904761904762,20.103333333333335
1999-08,4.98,5.3,5.73,5.88,5.98,6.07,167.1,177.3,5.07,4.2,13604.771,89.7924,253844.0,1648.0,104.5,24.323636363636364,21.278636363636362
1999-09,4.88,5.22,5.63,5.78,5.9,6.06,167.8,177.8,5.22,4.2,13604.771,89.4299,255029.0,1635.0,107.2,24.541428571428572,23.796666666666667
1999-10,5.12,5.43,5.79,5.97,6.02,6.16,168.1,178.1,5.2,4.1,13827.98,90.523,254816.0,1608.0,103.2,24.021428571428572,22.69142857142857
1999-11,5.3,5.7,6.01,6.11,6.18,6.29,168.4,178.4,5.42,4.1,13827.98,90.9618,258133.0,1648.0,107.2,21.81809523809524,25.00238095238095
1999-12,5.33,5.98,6.24,6.36,6.45,6.48,168.8,178.7,5.3,4.0,13827.98,91.6634,263311.0,1708.0,105.4,22.15909090909091,26.10238095238095
2000-01,5.76,6.3,6.61,6.71,6.68,6.49,169.3,179.3,5.45,4.0,13878.147,91.538,261545.0,1636.0,112.0,23.202,27.259473684210523
2000-02,5.78,6.2,6.53,6.61,6.42,6.15,170.0,179.4,5.73,4.1,13878.147,91.8239,265686.0,1737.0,111.3,23.5955,29.366000000000003
2000-03,5.88,6.28,6.5,6.32,6.03,5.84,171.0,180.0,5.85,4.0,13878.147,92.1504,269019.0,1604.0,107.1,22.718260869565217,29.84173913043478
2000-04,5.82,6.24,6.68,6.56,6.23,5.97,170.9,180.3,6.02,3.8,14130.908,92.6989,264067.0,1626.0,109.2,27.164210526315788,25.722105263157896
2000-05,5.63,6.37,6.69,6.54,6.29,6.02,171.2,180.7,6.27,4.0,14130.908,92.9499,265992.0,1575.0,110.7,26.37318181818182,28.78818181818182
2000-06,5.88,6.08,6.38,6.18,6.03,5.9,172.2,181.1,6.53,4.0,14130.908,92.9862,267750.0,1559.0,106.4,21.54,31.82227272727273
2000-07,6.27,6.07,6.3,6.16,6.04,5.79,172.7,181.5,6.54,4.0,14145.312,92.8048,265683.0,1463.0,108.3,19.893,29.69684210526316
2000-08,6.31,6.22,6.18,5.98,5.73,5.67,172.7,181.9,6.5,4.1,14145.312,92.5521,266885.0,1541.0,107.3,18.088695652173914,31.26391304347826
2000-09,6.23,6.07,5.98,5.85,5.8,5.88,173.6,182.3,6.52,3.9,14145.312,92.9792,270523.0,1507.0,106.8,19.6875,33.884
2000-10,6.38,6.12,5.94,5.83,5.77,5.79,173.9,182.6,6.51,3.9,14229.765,92.6179,270339.0,1549.0,105.8,25.2,33.108636363636364
2000-11,6.21,5.92,5.61,5.42,5.48,5.6,174.2,183.1,6.51,3.9,14229.765,92.6438,268850.0,1551.0,107.6,26.38285714285714,34.417142857142856
2000-12,5.89,5.32,5.11,4.99,5.12,5.46,174.6,183.3,6.4,3.9,14229.765,92.3415,268338.0,1532.0,98.4,26.5305,28.436500000000002
2001-01,4.99,4.6,4.62,4.85,5.19,5.54,175.6,183.9,5.98,4.2,14183.12,91.902,272881.0,1600.0,94.7,24.918571428571425,29.585714285714282
2001-02,4.85,4.47,4.41,4.7,4.92,5.34,176.0,184.4,5.49,4.2,14183.12,91.3034,272627.0,1625.0,90.6,23.411578947368422,29.609473684210528
2001-03,4.3,4.09,4.18,4.62,4.93,5.46,176.1,184.7,5.31,4.3,14183.12,91.1162,269820.0,1590.0,91.5,28.49681818181818,27.244545454545456
2001-04,3.95,3.94,4.3,4.97,5.35,5.78,176.4,185.1,4.8,4.4,14271.694,90.7891,274410.0,1649.0,88.4,28.133999999999997,27.49
2001-05,3.63,3.63,4.22,4.94,5.43,5.78,177.3,185.3,4.21,4.3,14271.694,90.3555,275769.0,1605.0,92.0,22.944090909090907,28.62909090909091
2001-06,3.65,3.72,4.25,4.97,5.42,5.75,177.7,186.0,3.97,4.5,14271.694,89.8784,274474.0,1636.0,92.6,20.94047619047619,27.59904761904762
2001-07,3.54,3.53,3.79,4.57,5.07,5.51,177.4,186.4,3.77,4.6,14214.516,89.3028,273098.0,1670.0,92.4,22.316190476190474,26.4247619047619
2001-08,3.37,3.41,3.64,4.46,4.85,5.39,177.4,186.7,3.65,4.9,14214.516,89.2003,275659.0,1567.0,91.5,21.86173913043478,27.37391304347826
2001-09,2.4,2.49,2.86,3.93,4.6,5.42,178.1,187.1,3.07,5.0,14214.516,88.7485,268652.0,1562.0,81.8,35.065333333333335,26.199473684210528
2001-10,2.05,2.07,2.44,3.66,4.3,4.89,177.6,187.4,2.49,5.3,14253.574,88.5052,288632.0,1540.0,82.7,32.72130434782609,22.169565217391302
2001-11,1.78,2.06,2.84,4.08,4.78,5.27,177.5,188.1,2.09,5.5,14253.574,87.97,280033.0,1602.0,83.9,26.63095238095238,19.634999999999998
2001-12,1.74,2.17,3.07,4.38,5.07,5.48,177.4,188.4,1.82,5.7,14253.574,87.9324,276302.0,1568.0,88.8,23.72,19.388947368421054
2002-01,1.76,2.29,3.16,4.42,5.07,5.44,177.7,188.7,1.73,5.7,14372.785,88.5176,277135.0,1698.0,93.0,22.252857142857142,19.714761904761904
2002-02,1.79,2.25,3.06,4.27,4.88,5.54,178.0,189.1,1.74,5.7,14372.785,88.5278,278869.0,1829.0,90.7,22.87578947368421,20.723684210526315
2002-03,1.79,2.7,3.72,4.91,5.42,5.91,178.5,189.2,1.73,5.7,14372.785,89.1686,278079.0,1642.0,95.7,18.985,24.531
2002-04,1.77,2.35,3.24,4.53,5.11,5.72,179.3,189.7,1.75,5.9,14460.848,89.604,281147.0,1592.0,93.0,19.900454545454547,26.179090909090913
2002-05,1.74,2.34,3.22,4.37,5.08,5.75,179.5,190.0,1.75,5.8,14460.848,89.964,278966.0,1764.0,96.9,20.087727272727275,27.041363636363634
2002-06,1.7,2.06,2.9,4.09,4.86,5.7,179.6,190.2,1.75,5.8,14460.848,90.7061,280426.0,1717.0,92.4,25.271,25.5185
2002-07,1.71,1.8,2.23,3.53,4.51,5.51,180.0,190.5,1.73,5.8,14519.633,90.6769,284161.0,1655.0,88.1,34.04954545454546,26.966190476190473
2002-08,1.69,1.74,2.14,3.22,4.14,5.11,180.5,191.1,1.74,5.7,14519.633,90.5762,285884.0,1633.0,87.6,33.74272727272727,28.385
2002-09,1.57,1.53,1.72,2.63,3.63,4.88,180.8,191.3,1.75,5.7,14519.633,90.6531,281064.0,1804.0,86.1,37.6475,29.6635
2002-10,1.44,1.46,1.68,2.81,3.93,5.28,181.2,191.5,1.75,5.7,14537.58,90.4643,282940.0,1648.0,80.6,35.24304347826087,28.836521739130436
2002-11,1.22,1.56,2.08,3.28,4.22,5.23,181.5,191.9,1.34,5.9,14537.58,90.9711,283408.0,1753.0,84.2,28.175,26.352105263157895
2002-12,1.22,1.32,1.61,2.78,3.83,5.03,181.8,192.1,1.24,6.0,14537.58,90.4652,286646.0,1788.0,86.7,28.21047619047619,29.460952380952378
2003-01,1.18,1.31,1.72,3.02,4.0,5.03,182.6,192.4,1.24,5.8,14614.141,91.2361,288657.0,1853.0,82.4,27.424285714285713,32.94714285714286
2003-02,1.2,1.24,1.53,2.69,3.71,4.9,183.6,192.5,1.26,5.9,14614.141,91.3445,284696.0,1629.0,79.9,32.21842105263158,35.828421052631576
2003-03,1.14,1.19,1.51,2.78,3.83,5.07,183.9,192.5,1.25,5.9,14614.141,91.1044,288177.0,1726.0,77.6,30.634285714285717,33.513333333333335
2003-04,1.13,1.22,1.51,2.85,3.89,5.0,183.2,192.5,1.26,6.0,14743.567,90.5617,289053.0,1643.0,86.0,23.99190476190476,28.170476190476194
2003-05,1.11,1.13,1.33,2.3,3.37,4.59,182.9,192.9,1.26,6.1,14743.567,90.537,289619.0,1751.0,92.1,20.23952380952381,28.108571428571427
2003-06,0.9,1.09,1.32,2.46,3.54,4.81,183.1,193.0,1.22,6.3,14743.567,90.6527,293671.0,1867.0,89.7,20.362380952380953,30.66238095238095
2003-07,0.96,1.28,1.8,3.38,4.49,5.56,183.7,193.4,1.01,6.2,14988.782,91.1185,296207.0,1897.0,90.9,19.161363636363635,30.754545454545454
2003-08,0.98,1.35,1.95,3.46,4.45,5.3,184.5,193.6,1.03,6.1,14988.782,90.9197,299592.0,1833.0,89.3,19.274285714285714,31.573809523809523
2003-09,0.95,1.15,1.5,2.85,3.96,5.07,185.1,193.7,1.01,6.1,14988.782,91.5059,298921.0,1939.0,87.7,19.532380952380954,28.31142857142857
2003-10,0.96,1.31,1.85,3.27,4.33,5.28,184.9,194.0,1.01,6.0,15162.76,91.6186,298205.0,1967.0,89.6,18.023478260869567,30.338260869565215
2003-11,0.93,1.39,2.06,3.38,4.34,5.23,185.0,194.0,1.0,5.8,15162.76,92.2329,299433.0,2083.0,93.7,17.40105263157895,31.108333333333334
2003-12,0.95,1.26,1.84,3.25,4.27,5.23,185.5,194.2,0.98,5.7,15162.76,92.2602,300702.0,2057.0,92.6,16.826363636363638,32.12904761904762
2004-01,0.92,1.28,1.84,3.17,4.16,5.11,186.3,194.6,1.0,5.7,15248.68,92.4006,301993.0,1911.0,103.8,16.101,34.31
2004-02,0.96,1.21,1.66,3.01,3.99,5.01,186.7,194.9,1.01,5.6,15248.68,92.958,303915.0,1846.0,94.4,15.99842105263158,34.68473684210526
2004-03,0.95,1.2,1.6,2.8,3.86,4.93,187.1,195.5,1.0,5.8,15248.68,92.5861,309471.0,1998.0,95.8,17.687391304347827,36.74130434782609
2004-04,0.98,1.55,2.31,3.63,4.53,5.39,187.4,195.9,1.0,5.6,15366.85,92.93,307358.0,2003.0,94.2,15.69857142857143,36.75
2004-05,1.08,1.83,2.54,3.81,4.66,5.42,188.2,196.2,1.0,5.6,15366.85,93.6013,311088.0,1981.0,90.2,17.705000000000002,40.275
2004-06,1.33,2.09,2.7,3.81,4.62,5.41,188.9,196.6,1.03,5.6,15366.85,92.871,309127.0,1828.0,95.6,15.342727272727274,38.025238095238095
2004-07,1.45,2.13,2.68,3.71,4.5,5.31,189.1,196.8,1.26,5.5,15512.619,93.5649,311681.0,2002.0,96.7,15.502380952380953,40.77809523809524
2004-08,1.59,1.99,2.41,3.33,4.13,5.01,189.2,196.9,1.43,5.4,15512.619,93.6277,311192.0,2024.0,95.9,16.68409090909091,44.90318181818182
2004-09,1.71,2.21,2.63,3.38,4.14,4.97,189.8,197.5,1.61,5.4,15512.619,93.7467,317446.0,1905.0,94.2,14.08095238095238,45.93571428571428
2004-10,1.91,2.28,2.56,3.3,4.05,4.87,190.8,197.9,1.76,5.5,15670.88,94.5465,318476.0,2072.0,91.7,14.973809523809523,53.28047619047619
2004-11,2.23,2.63,3.02,3.72,4.36,5.07,191.7,198.3,1.93,5.4,15670.88,94.7813,320520.0,1782.0,92.8,13.577619047619047,48.469
2004-12,2.22,2.75,3.08,3.63,4.24,4.86,191.7,198.6,2.16,5.4,15670.88,95.5365,324672.0,2042.0,97.1,12.459545454545456,43.14952380952381
2005-01,2.51,2.96,3.29,3.71,4.14,4.62,191.6,199.0,2.28,5.3,15844.727,95.8801,321272.0,2144.0,95.5,13.437999999999999,46.837
2005-02,2.76,3.2,3.59,4.0,4.36,4.71,192.4,199.4,2.5,5.4,15844.727,96.5761,325308.0,2207.0,94.1,11.708947368421052,48.148947368421055
2005-03,2.79,3.35,3.8,4.18,4.5,4.76,193.1,200.1,2.63,5.2,15844.727,96.4456,326179.0,1864.0,92.6,13.126363636363635,54.186818181818175
2005-04,2.9,3.33,3.66,3.9,4.21,4.53,193.7,200.2,2.79,5.2,15922.782,96.6532,329124.0,2061.0,87.7,14.459047619047618,52.97904761904762
2005-05,2.99,3.32,3.6,3.76,4.0,4.36,193.6,200.5,3.0,5.1,15922.782,96.7402,327233.0,2025.0,86.9,13.967619047619047,49.83380952380952
2005-06,3.13,3.45,3.66,3.72,3.94,4.19,193.7,200.6,3.04,5.0,15922.782,97.1753,337219.0,2068.0,96.0,11.868636363636364,56.35227272727273
2005-07,3.42,3.8,4.02,4.12,4.28,4.42,194.9,200.9,3.26,5.0,16047.587,96.8676,339529.0,2054.0,96.5,11.049,58.99550000000001
2005-08,3.52,3.77,3.84,3.87,4.02,4.23,196.1,201.1,3.5,4.9,16047.587,97.1833,335605.0,2095.0,89.1,12.951304347826087,64.98521739130435
2005-09,3.55,4.01,4.18,4.18,4.34,4.53,198.8,201.3,3.62,5.0,16047.587,95.3005,336600.0,2151.0,76.9,12.628095238095238,65.58666666666666
2005-10,3.98,4.31,4.4,4.45,4.57,4.73,199.1,202.0,3.78,5.0,16136.734,96.4572,336753.0,2065.0,74.2,14.937619047619048,62.260000000000005
2005-11,3.95,4.34,4.42,4.42,4.49,4.66,198.1,202.5,4.0,5.0,16136.734,97.5414,339719.0,2147.0,81.6,12.147619047619047,58.322500000000005
2005-12,4.08,4.38,4.41,4.35,4.39,4.51,198.1,202.8,4.16,4.9,16136.734,98.0452,339895.0,1994.0,91.5,11.26,59.411904761904765
2006-01,4.47,4.58,4.54,4.47,4.53,4.69,199.3,203.2,4.29,4.7,16353.835,98.1999,349664.0,2273.0,91.2,12.036,65.485
2006-02,4.62,4.73,4.69,4.61,4.55,4.51,199.4,203.6,4.49,4.8,16353.835,98.2413,347021.0,2119.0,86.7,12.471052631578948,61.631052631578946
2006-03,4.63,4.82,4.82,4.82,4.86,4.9,199.7,204.3,4.59,4.7,16353.835,98.4628,348357.0,1969.0,88.9,11.69391304347826,62.68521739130435
2006-04,4.77,4.9,4.87,4.92,5.07,5.17,200.7,204.8,4.79,4.7,16396.151,98.7618,350072.0,1821.0,87.4,11.84736842105263,69.44368421052631
2006-05,4.86,5.07,5.04,5.04,5.12,5.21,201.3,205.4,4.94,4.6,16396.151,98.7869,348889.0,1942.0,79.1,14.454545454545455,70.84409090909091
2006-06,5.01,5.21,5.16,5.1,5.15,5.19,201.8,205.9,4.99,4.6,16396.151,99.0997,350795.0,1802.0,84.9,16.918636363636363,70.9509090909091
2006-07,5.1,5.11,4.97,4.91,4.99,5.07,202.9,206.3,5.24,4.7,16420.738,99.0489,351916.0,1737.0,84.7,15.325999999999999,74.41105263157894
2006-08,5.05,5.01,4.79,4.7,4.74,4.88,203.8,206.8,5.25,4.7,16420.738,99.4836,353285.0,1650.0,82.0,13.351739130434783,73.04304347826087
2006-09,4.89,4.91,4.71,4.59,4.64,4.77,202.8,207.2,5.25,4.5,16420.738,99.3183,351240.0,1720.0,85.4,12.1845,63.798
2006-10,5.08,4.99,4.71,4.57,4.61,4.72,201.9,207.6,5.25,4.4,16561.866,99.2044,351035.0,1491.0,93.6,11.306363636363637,58.89318181818182
2006-11,5.03,4.94,4.62,4.45,4.46,4.56,202.0,207.8,5.25,4.5,16561.866,99.1627,352116.0,1570.0,92.1,10.817619047619049,59.0825
2006-12,5.02,5.0,4.82,4.7,4.71,4.81,203.1,208.1,5.24,4.4,16561.866,100.1735,356367.0,1649.0,91.7,10.9645,61.959
2007-01,5.12,5.09,4.94,4.82,4.83,4.93,203.437,208.6,5.25,4.6,16611.69,99.8346,355792.0,1409.0,96.9,11.0425,54.50619047619048
2007-02,5.16,4.96,4.65,4.52,4.56,4.68,204.226,209.135,5.26,4.5,16611.69,100.7753,356545.0,1480.0,91.3,11.155263157894737,59.27894736842105
2007-03,5.04,4.9,4.58,4.54,4.65,4.84,205.288,209.418,5.26,4.4,16611.69,100.9547,359415.0,1495.0,88.4,15.162727272727272,60.441818181818185
2007-04,4.91,4.89,4.6,4.51,4.63,4.81,205.904,209.747,5.25,4.5,16713.314,101.6334,358562.0,1490.0,87.1,12.933000000000002,63.977
2007-05,4.73,4.95,4.92,4.86,4.9,5.01,206.755,210.058,5.25,4.4,16713.314,101.7306,363085.0,1415.0,88.3,13.297727272727274,63.45454545454545
2007-06,4.82,4.91,4.87,4.92,5.03,5.12,207.234,210.392,5.25,4.6,16713.314,101.7893,360234.0,1448.0,85.3,14.947619047619046,67.48904761904762
2007-07,4.96,4.85,4.56,4.6,4.78,4.92,207.603,210.773,5.26,4.7,16809.587,101.6672,361770.0,1354.0,90.4,17.273333333333333,74.11761904761904
2007-08,4.01,4.19,4.15,4.25,4.54,4.83,207.667,211.119,5.02,4.6,16809.587,101.863,363676.0,1330.0,83.4,25.02608695652174,72.35608695652174
2007-09,3.82,4.05,3.97,4.23,4.59,4.83,208.547,211.554,4.94,4.7,16809.587,102.0894,365178.0,1183.0,83.4,22.198947368421056,79.91473684210526
2007-10,3.94,4.04,3.94,4.16,4.48,4.74,209.19,212.077,4.76,4.7,16915.191,101.8015,367322.0,1264.0,80.9,19.115652173913045,85.7986956521739
2007-11,3.15,3.26,3.04,3.41,3.97,4.4,210.834,212.66,4.49,4.7,16915.191,102.3446,370776.0,1197.0,76.1,25.58238095238095,94.77238095238096
2007-12,3.36,3.34,3.05,3.45,4.04,4.45,211.445,213.168,4.24,5.0,16915.191,102.3803,366569.0,1037.0,75.5,21.651,91.687
2008-01,1.96,2.11,2.17,2.82,3.67,4.35,212.174,213.771,3.94,5.0,16843.003,102.2448,367368.0,1084.0,78.4,25.816190476190474,92.97047619047619
2008-02,1.85,1.77,1.65,2.5,3.53,4.41,212.687,213.939,2.98,4.9,16843.003,101.8438,364126.0,1103.0,70.8,25.456,95.386
2008-03,1.38,1.55,1.62,2.46,3.45,4.3,213.448,214.42,2.61,5.1,16843.003,101.5336,365164.0,1005.0,69.5,27.103500000000004,105.454
2008-04,1.43,1.85,2.29,3.03,3.77,4.49,213.942,214.56,2.28,5.0,16943.291,100.8785,364816.0,1013.0,62.6,21.562727272727273,112.58045454545454
2008-05,1.89,2.22,2.66,3.41,4.06,4.72,215.208,214.936,1.98,5.4,16943.291,100.2674,368255.0,973.0,59.8,18.303333333333335,125.39761904761905
2008-06,1.9,2.36,2.63,3.34,3.99,4.53,217.463,215.424,2.0,5.6,16943.291,100.0335,368926.0,1046.0,56.4,22.11047619047619,133.88
2008-07,1.68,2.27,2.52,3.25,3.99,4.59,219.016,215.965,2.01,5.8,16854.295,99.676,367594.0,923.0,61.2,24.321818181818184,133.3709090909091
2008-08,1.72,2.17,2.36,3.1,3.83,4.43,218.69,216.393,2.0,6.1,16854.295,98.1111,364611.0,844.0,63.0,20.695714285714285,116.66619047619047
2008-09,0.92,1.78,2.0,2.98,3.85,4.31,218.877,216.713,1.81,6.1,16854.295,93.7895,358991.0,820.0,70.3,30.23857142857143,104.11428571428571
2008-10,0.46,1.34,1.56,2.8,4.01,4.35,216.995,216.788,0.97,6.5,16485.35,94.7219,346137.0,777.0,57.6,61.17739130434782,76.6086956521739
2008-11,0.01,0.9,1.0,1.93,2.93,3.45,213.153,216.947,0.39,6.8,16485.35,93.4715,332498.0,652.0,55.3,62.66894736842105,57.30947368421053
2008-12,0.11,0.37,0.76,1.55,2.25,2.69,211.398,216.925,0.16,7.3,16485.35,90.8357,324767.0,560.0,60.1,52.405,41.121818181818185
2009-01,0.24,0.51,0.94,1.85,2.87,3.58,211.933,217.346,0.15,7.8,16298.262,88.57,329787.0,490.0,61.2,44.683,41.71
2009-02,0.26,0.72,1.0,1.99,3.02,3.71,212.705,217.792,0.22,8.3,16298.262,88.031,328376.0,582.0,56.3,45.57052631578947,39.08736842105263
2009-03,0.21,0.57,0.81,1.67,2.71,3.56,212.495,218.253,0.18,8.7,16298.262,86.6528,322634.0,505.0,57.3,44.79545454545455,47.939090909090915
2009-04,0.14,0.49,0.91,2.02,3.16,4.05,212.709,218.706,0.15,9.0,16269.145,85.9344,324323.0,478.0,65.1,38.063809523809525,49.64666666666666
2009-05,0.14,0.47,0.92,2.34,3.47,4.34,213.022,218.904,0.18,9.4,16269.145,85.0665,327011.0,540.0,68.7,31.977999999999998,59.028499999999994
2009-06,0.19,0.56,1.11,2.54,3.53,4.32,214.79,219.112,0.21,9.5,16269.145,84.7459,332227.0,585.0,70.8,29.140454545454546,69.64090909090909
2009-07,0.18,0.48,1.13,2.53,3.52,4.31,214.726,219.263,0.16,9.5,16326.281,85.7027,333670.0,594.0,66.0,26.162727272727274,64.15227272727272
2009-08,0.15,0.43,0.97,2.39,3.4,4.18,215.445,219.496,0.16,9.6,16326.281,86.6426,339586.0,586.0,65.7,25.337142857142858,71.04476190476191
2009-09,0.14,0.4,0.95,2.31,3.31,4.03,215.861,219.92,0.15,9.8,16326.281,87.4063,330998.0,585.0,73.5,24.92666666666667,69.40809523809523
2009-10,0.05,0.37,0.9,2.31,3.41,4.23,216.509,220.501,0.12,10.0,16502.754,87.6419,334595.0,534.0,70.6,24.252272727272725,75.71545454545455
2009-11,0.06,0.27,0.67,2.01,3.21,4.2,217.234,220.666,0.12,9.9,16502.754,88.0221,337321.0,588.0,67.4,23.788999999999998,77.99
2009-12,0.06,0.47,1.14,2.69,3.85,4.63,217.347,220.881,0.12,9.9,16502.754,88.3793,338736.0,581.0,72.5,21.239545454545453,74.47
2010-01,0.08,0.3,0.82,2.34,3.63,4.51,217.488,220.633,0.11,9.8,16582.71,89.3426,339093.0,614.0,74.4,20.643157894736845,78.32578947368421
2010-02,0.13,0.32,0.81,2.3,3.61,4.55,217.281,220.731,0.13,9.8,16582.71,89.6779,339580.0,604.0,73.6,22.54,76.38736842105263
2010-03,0.16,0.41,1.02,2.55,3.84,4.72,217.353,220.783,0.16,9.9,16582.71,90.2928,346974.0,636.0,73.6,17.767391304347825,81.20347826086957
2010-04,0.16,0.41,0.97,2.43,3.69,4.53,217.403,220.822,0.2,9.9,16743.162,90.5991,349869.0,687.0,72.2,17.424285714285716,84.29285714285714
2010-05,0.16,0.34,0.76,2.1,3.31,4.22,217.29,220.962,0.2,9.6,16743.162,91.823,346858.0,583.0,73.6,31.9295,73.7435
2010-06,0.18,0.32,0.61,1.79,2.97,3.91,217.199,221.194,0.18,9.4,16743.162,91.9928,346516.0,536.0,76.0,29.916363636363634,75.3359090909091
2010-07,0.15,0.29,0.55,1.6,2.94,3.98,217.605,221.363,0.18,9.4,16872.266,92.3421,347612.0,546.0,67.8,25.565238095238094,76.31952380952382
2010-08,0.14,0.25,0.47,1.33,2.47,3.52,217.923,221.509,0.19,9.5,16872.266,92.6805,349188.0,599.0,68.9,24.74590909090909,76.59909090909092
2010-09,0.16,0.27,0.42,1.27,2.53,3.69,218.275,221.711,0.19,9.5,16872.266,92.9537,352179.0,594.0,68.2,22.517619047619046,75.24190476190476
2010-10,0.12,0.22,0.34,1.17,2.63,3.99,219.035,221.83,0.19,9.4,16960.864,92.6903,356215.0,543.0,67.7,20.37333333333333,81.89285714285714
2010-11,0.17,0.27,0.45,1.47,2.81,4.12,219.59,222.149,0.19,9.8,16960.864,92.7709,359450.0,545.0,71.6,20.095714285714287,84.25285714285714
2010-12,0.12,0.29,0.61,2.01,3.3,4.34,220.472,222.343,0.18,9.3,16960.864,93.6787,361979.0,539.0,74.5,17.56954545454545,89.14590909090909
2011-01,0.15,0.26,0.58,1.95,3.42,4.58,221.187,222.803,0.17,9.1,16920.632,93.4814,364394.0,630.0,74.2,17.3155,89.1705
2011-02,0.15,0.25,0.69,2.13,3.42,4.49,221.898,223.213,0.16,9.0,16920.632,93.1102,367475.0,517.0,77.5,17.43,88.57842105263158
2011-03,0.09,0.3,0.8,2.24,3.47,4.51,223.046,223.454,0.14,9.0,16920.632,94.0788,370775.0,600.0,67.5,20.723478260869566,102.85652173913043
2011-04,0.04,0.22,0.61,1.97,3.32,4.4,224.093,223.727,0.1,9.1,17035.114,93.7749,372820.0,554.0,69.8,16.244,109.5325
2011-05,0.06,0.18,0.45,1.68,3.05,4.22,224.806,224.175,0.09,9.0,17035.114,93.888,372505.0,561.0,74.3,16.91142857142857,100.90047619047618
2011-06,0.03,0.19,0.45,1.76,3.18,4.38,224.806,224.697,0.09,9.1,17035.114,94.172,375587.0,608.0,71.5,19.153181818181817,96.26409090909091
2011-07,0.1,0.2,0.36,1.35,2.82,4.12,225.395,225.218,0.07,9.0,17031.313,94.636,375442.0,623.0,63.7,19.2275,97.3035
2011-08,0.02,0.1,0.2,0.96,2.23,3.6,226.106,225.862,0.1,9.0,17031.313,95.2749,375860.0,585.0,55.8,35.02913043478261,86.33304347826088
2011-09,0.02,0.13,0.25,0.96,1.92,2.9,226.597,226.118,0.08,9.0,17031.313,95.1961,380042.0,650.0,59.5,36.53,85.51523809523809
2011-10,0.01,0.12,0.25,0.99,2.17,3.16,226.75,226.506,0.07,8.8,17222.583,95.8568,382207.0,610.0,60.8,32.829047619047614,86.32238095238095
2011-11,0.01,0.12,0.25,0.96,2.08,3.06,227.169,226.899,0.08,8.6,17222.583,95.8485,383422.0,711.0,63.7,31.94190476190476,97.16047619047619
2011-12,0.02,0.12,0.25,0.83,1.89,2.89,227.223,227.405,0.07,8.5,17222.583,96.3571,383985.0,694.0,69.9,25.047619047619047,98.56285714285715
2012-01,0.06,0.13,0.22,0.71,1.83,2.94,227.842,227.877,0.08,8.3,17367.01,96.9318,387531.0,723.0,75.0,20.228,100.2735
2012-02,0.08,0.18,0.3,0.87,1.98,3.08,228.329,228.034,0.1,8.3,17367.01,97.2435,392310.0,704.0,75.3,18.4205,102.204
2012-03,0.07,0.19,0.33,1.04,2.23,3.35,228.807,228.478,0.13,8.2,17367.01,96.74,393698.0,695.0,76.2,16.167272727272728,106.15772727272729
2012-04,0.1,0.2,0.27,0.82,1.95,3.12,229.187,228.905,0.14,8.2,17444.525,97.4359,392073.0,753.0,76.4,17.823,103.321
2012-05,0.07,0.18,0.27,0.67,1.59,2.67,228.713,229.224,0.16,8.2,17444.525,97.6609,391376.0,708.0,79.3,21.001818181818184,94.65454545454546
2012-06,0.09,0.21,0.33,0.72,1.67,2.76,228.524,229.623,0.16,8.2,17444.525,97.6663,387901.0,757.0,73.2,21.13095238095238,82.30333333333333
2012-07,0.11,0.16,0.23,0.6,1.51,2.56,228.59,229.97,0.16,8.2,17469.65,97.8713,389686.0,740.0,72.3,17.565238095238094,87.8952380952381
2012-08,0.09,0.16,0.22,0.59,1.57,2.68,229.918,230.233,0.13,8.1,17469.65,97.4525,394524.0,754.0,74.3,15.689565217391305,94.13130434782609
2012-09,0.1,0.17,0.23,0.62,1.65,2.82,231.015,230.659,0.14,7.8,17469.65,97.381,397681.0,847.0,78.3,15.284736842105264,94.51368421052632
2012-10,0.11,0.18,0.3,0.72,1.72,2.85,231.638,231.024,0.16,7.8,17489.852,97.7193,397494.0,915.0,82.6,16.276190476190475,89.4913043478261
2012-11,0.08,0.18,0.25,0.61,1.62,2.81,231.249,231.33,0.16,7.7,17489.852,98.0777,399708.0,833.0,82.7,16.701904761904764,86.53142857142858
2012-12,0.05,0.16,0.25,0.72,1.78,2.95,231.221,231.725,0.16,7.9,17489.852,98.3101,401093.0,976.0,72.9,17.307,87.8595
2013-01,0.07,0.15,0.27,0.88,2.02,3.17,231.679,232.229,0.14,8.0,17662.4,98.3342,404434.0,888.0,73.8,13.505238095238095,94.75666666666667
2013-02,0.11,0.17,0.25,0.77,1.89,3.1,232.937,232.569,0.15,7.7,17662.4,98.7941,409118.0,962.0,77.6,14.072631578947368,95.30894736842104
2013-03,0.07,0.14,0.25,0.77,1.87,3.1,232.282,232.794,0.14,7.5,17662.4,99.1921,406223.0,1010.0,78.6,13.0315,92.9385
2013-04,0.05,0.11,0.22,0.68,1.7,2.88,231.797,232.832,0.15,7.6,17709.671,99.1065,404231.0,835.0,76.4,13.967272727272727,92.02136363636363
2013-05,0.04,0.14,0.3,1.05,2.16,3.3,231.893,232.996,0.11,7.5,17709.671,99.1839,406677.0,930.0,84.5,13.493636363636364,94.50954545454546
2013-06,0.04,0.15,0.36,1.41,2.52,3.52,232.445,233.35,0.09,7.5,17709.671,99.3897,407921.0,839.0,84.1,17.2715,95.77250000000001
2013-07,0.04,0.11,0.31,1.38,2.6,3.64,232.9,233.88,0.09,7.3,17860.45,99.0814,410268.0,880.0,85.1,13.974545454545455,104.67090909090908
2013-08,0.03,0.13,0.39,1.62,2.78,3.7,233.456,234.336,0.08,7.2,17860.45,99.6543,409691.0,917.0,82.1,14.21,106.57272727272726
2013-09,0.02,0.1,0.33,1.39,2.64,3.69,233.544,234.7,0.08,7.2,17860.45,100.161,410044.0,850.0,77.5,14.692000000000002,106.2895
2013-10,0.04,0.1,0.31,1.31,2.57,3.63,233.669,234.921,0.09,7.2,18016.147,100.082,411399.0,925.0,73.2,15.407826086956522,100.53826086956522
2013-11,0.06,0.13,0.28,1.37,2.75,3.82,234.1,235.359,0.08,6.9,18016.147,100.3158,412561.0,1100.0,75.1,12.924000000000001,93.864
2013-12,0.07,0.13,0.38,1.75,3.04,3.96,234.719,235.759,0.09,6.7,18016.147,100.5175,414812.0,1002.0,82.5,14.192380952380953,97.6252380952381
2014-01,0.02,0.1,0.34,1.49,2.67,3.61,235.288,235.961,0.07,6.6,17953.974,100.1599,411561.0,888.0,81.2,14.24095238095238,94.61714285714285
2014-02,0.05,0.12,0.33,1.51,2.66,3.59,235.547,236.185,0.07,6.7,17953.974,100.9168,416736.0,944.0,81.6,15.47,100.81736842105263
2014-03,0.05,0.13,0.44,1.73,2.73,3.56,236.028,236.625,0.08,6.7,17953.974,101.8942,421230.0,970.0,80.0,14.836666666666666,100.80380952380953
2014-04,0.03,0.11,0.42,1.69,2.67,3.47,236.468,237.072,0.09,6.2,18185.911,101.9928,425546.0,1043.0,84.1,14.19809523809524,102.06904761904761
2014-05,0.04,0.1,0.37,1.54,2.48,3.33,236.918,237.529,0.09,6.3,18185.911,102.3836,426253.0,1007.0,81.9,12.475238095238096,102.17714285714285
2014-06,0.04,0.11,0.47,1.62,2.53,3.34,237.231,237.837,0.1,6.1,18185.911,102.735,427305.0,911.0,82.5,11.541428571428572,105.7942857142857
2014-07,0.03,0.12,0.53,1.76,2.58,3.32,237.498,238.195,0.09,6.2,18406.941,102.9632,428079.0,1085.0,81.8,12.296363636363635,103.58863636363638
2014-08,0.03,0.09,0.48,1.63,2.35,3.09,237.46,238.405,0.09,6.1,18406.941,102.7688,431379.0,984.0,82.5,13.491904761904761,96.53619047619047
2014-09,0.02,0.13,0.58,1.78,2.52,3.21,237.477,238.786,0.09,5.9,18406.941,103.0641,430189.0,1023.0,84.6,13.466666666666667,93.21190476190476
2014-10,0.01,0.11,0.5,1.62,2.35,3.07,237.43,239.191,0.09,5.7,18500.031,103.0764,431903.0,1074.0,86.9,18.058695652173913,84.39695652173914
2014-11,0.02,0.13,0.47,1.49,2.18,2.89,236.983,239.458,0.09,5.8,18500.031,103.7126,433113.0,1001.0,88.8,13.413157894736841,75.78947368421052
2014-12,0.04,0.25,0.67,1.65,2.17,2.75,236.252,239.584,0.12,5.6,18500.031,103.7044,430110.0,1073.0,93.6,16.292272727272728,59.29045454545455
2015-01,0.02,0.18,0.47,1.18,1.68,2.25,234.747,239.811,0.11,5.7,18666.621,102.8905,428208.0,1085.0,98.1,19.1195,47.219
2015-02,0.02,0.22,0.63,1.5,2.0,2.6,235.342,240.172,0.11,5.5,18666.621,102.2335,427119.0,886.0,95.4,15.90421052631579,50.58421052631579
2015-03,0.03,0.26,0.56,1.37,1.94,2.54,235.976,240.755,0.11,5.4,18666.621,101.8914,433647.0,960.0,93.0,14.812727272727273,47.82363636363636
2015-04,0.01,0.24,0.58,1.43,2.05,2.75,236.222,241.346,0.12,5.4,18782.243,101.3355,434470.0,1190.0,95.9,13.494761904761905,54.45285714285714
2015-05,0.01,0.26,0.61,1.49,2.12,2.88,237.001,241.688,0.12,5.6,18782.243,100.8883,437865.0,1079.0,90.7,13.3385,59.265
2015-06,0.01,0.28,0.64,1.63,2.35,3.11,237.657,242.064,0.13,5.3,18782.243,100.571,437951.0,1205.0,96.1,14.339545454545457,59.819545454545455
2015-07,0.08,0.33,0.67,1.54,2.2,2.92,238.034,242.565,0.13,5.2,18857.418,101.2228,441942.0,1146.0,93.1,14.352727272727272,50.90090909090909
2015-08,0.08,0.39,0.74,1.54,2.21,2.95,238.033,242.817,0.14,5.1,18857.418,101.0367,441849.0,1130.0,91.9,19.42809523809524,42.86761904761905
2015-09,0.0,0.33,0.64,1.37,2.06,2.87,237.498,243.316,0.14,5.0,18857.418,100.7547,439867.0,1224.0,87.2,24.377142857142857,45.47952380952381
2015-10,0.08,0.34,0.75,1.52,2.16,2.93,237.733,243.768,0.12,5.0,18892.206,100.2675,438693.0,1058.0,90.0,16.789545454545454,46.22363636363636
2015-11,0.22,0.51,0.94,1.65,2.21,2.98,238.017,244.241,0.12,5.1,18892.206,99.5298,440303.0,1172.0,91.3,16.21,42.4435
2015-12,0.16,0.65,1.06,1.76,2.27,3.01,237.761,244.547,0.24,5.0,18892.206,99.0417,442149.0,1146.0,92.6,18.025454545454547,37.18863636363636
2016-01,0.33,0.47,0.76,1.33,1.94,2.75,237.652,244.955,0.34,4.8,19001.69,99.5607,439466.0,1092.0,92.0,23.717894736842105,31.683157894736844
2016-02,0.33,0.62,0.78,1.22,1.74,2.61,237.336,245.51,0.38,4.9,19001.69,99.0445,443117.0,1225.0,91.7,22.517,30.323
2016-03,0.21,0.59,0.73,1.21,1.78,2.61,238.08,245.913,0.36,5.0,19001.69,98.3096,441856.0,1111.0,91.0,15.84909090909091,37.54636363636364
2016-04,0.22,0.56,0.77,1.28,1.83,2.66,238.992,246.551,0.37,5.1,19062.709,98.6421,444254.0,1163.0,89.0,14.300476190476191,40.7552380952381
2016-05,0.34,0.68,0.87,1.37,1.84,2.64,239.557,247.137,0.37,4.8,19062.709,98.4184,445490.0,1148.0,94.7,14.852857142857141,46.712380952380954
2016-06,0.26,0.45,0.58,1.01,1.49,2.3,240.222,247.54,0.38,4.9,19062.709,98.8833,450237.0,1203.0,93.5,17.774545454545457,48.75727272727273
2016-07,0.28,0.5,0.67,1.03,1.46,2.18,240.101,247.829,0.39,4.8,19197.938,98.9992,449789.0,1239.0,90.0,13.1585,44.6515
2016-08,0.33,0.61,0.8,1.19,1.58,2.23,240.545,248.423,0.4,4.9,19197.938,98.85,449946.0,1171.0,89.8,12.399565217391304,44.72434782608696
2016-09,0.29,0.59,0.77,1.14,1.6,2.32,241.176,248.842,0.4,5.0,19197.938,98.7457,453056.0,1068.0,91.2,14.21952380952381,45.18238095238095
2016-10,0.34,0.66,0.86,1.31,1.84,2.58,241.741,249.142,0.4,4.9,19304.352,98.7611,453847.0,1313.0,87.2,14.585238095238097,49.775238095238095
2016-11,0.48,0.8,1.11,1.83,2.37,3.02,242.026,249.481,0.41,4.7,19304.352,98.3491,453892.0,1140.0,93.8,15.236190476190476,45.66095238095238
2016-12,0.51,0.85,1.2,1.93,2.45,3.06,242.637,249.92,0.54,4.7,19304.352,99.0214,459305.0,1252.0,98.2,12.472380952380954,51.9704761904762
2017-01,0.52,0.84,1.19,1.9,2.45,3.05,243.618,250.467,0.65,4.7,19398.343,98.7611,464412.0,1190.0,98.5,11.6085,52.504
2017-02,0.53,0.88,1.22,1.89,2.36,2.97,244.006,250.998,0.66,4.6,19398.343,98.3646,464284.0,1271.0,96.3,11.530526315789475,53.46842105263158
2017-03,0.76,1.03,1.27,1.93,2.4,3.02,243.892,250.944,0.79,4.4,19398.343,99.0137,463674.0,1190.0,96.9,11.89782608695652,49.32782608695652
2017-04,0.8,1.07,1.28,1.81,2.29,2.96,244.193,251.227,0.9,4.4,19506.949,100.0224,465276.0,1146.0,97.0,13.136315789473684,51.060526315789474
2017-05,0.98,1.17,1.28,1.75,2.21,2.87,244.004,251.43,0.91,4.4,19506.949,100.1408,462754.0,1157.0,97.1,10.862272727272726,48.47636363636364
2017-06,1.03,1.24,1.38,1.89,2.31,2.84,244.163,251.746,1.04,4.3,19506.949,100.3471,465130.0,1249.0,95.0,10.513636363636364,45.177727272727275
2017-07,1.07,1.23,1.34,1.84,2.3,2.89,244.243,251.985,1.15,4.3,19660.766,100.1068,465089.0,1206.0,93.4,10.2645,46.630526315789474
2017-08,1.01,1.23,1.33,1.7,2.12,2.73,245.183,252.535,1.16,4.4,19660.766,99.6925,466020.0,1159.0,96.8,11.975652173913044,48.03695652173913
2017-09,1.06,1.31,1.47,1.92,2.33,2.86,246.435,252.812,1.15,4.3,19660.766,99.7954,475724.0,1181.0,95.1,10.437999999999999,49.822
2017-10,1.15,1.43,1.6,2.01,2.38,2.88,246.626,253.526,1.15,4.2,19882.352,101.0247,476107.0,1257.0,100.7,10.125454545454545,51.57772727272727
2017-11,1.27,1.62,1.78,2.14,2.42,2.83,247.284,253.816,1.16,4.2,19882.352,101.2664,480949.0,1273.0,98.5,10.54047619047619,56.63857142857143
2017-12,1.39,1.76,1.89,2.2,2.4,2.74,247.805,254.344,1.3,4.1,19882.352,101.4644,483586.0,1177.0,95.9,10.2645,57.8815
2018-01,1.46,1.9,2.14,2.52,2.72,2.95,248.859,255.204,1.41,4.0,20044.077,101.4625,481414.0,1299.0,95.7,11.062380952380952,63.698571428571434
2018-02,1.65,2.07,2.25,2.65,2.87,3.13,249.529,255.711,1.42,4.1,20044.077,101.7085,484031.0,1277.0,99.7,22.464736842105264,62.22947368421052
2018-03,1.73,2.09,2.27,2.56,2.74,2.97,249.577,256.271,1.51,4.0,20044.077,102.2067,484110.0,1318.0,101.4,19.023809523809526,62.724761904761905
2018-04,1.87,2.24,2.49,2.79,2.95,3.11,250.227,256.63,1.69,4.0,20150.476,103.3329,484154.0,1276.0,98.8,18.267619047619046,66.25380952380952
2018-05,1.93,2.23,2.4,2.68,2.83,3.0,250.792,257.145,1.7,3.8,20150.476,102.4024,491960.0,1357.0,98.0,14.124545454545455,69.97818181818182
2018-06,1.93,2.33,2.52,2.73,2.85,2.98,251.018,257.399,1.82,4.0,20150.476,103.198,490228.0,1192.0,98.2,13.678095238095239,67.87333333333333
2018-07,2.03,2.44,2.67,2.85,2.96,3.08,251.214,257.699,1.91,3.8,20276.154,103.3646,493142.0,1208.0,97.9,13.147619047619049,70.98142857142857
2018-08,2.11,2.46,2.62,2.74,2.86,3.02,251.663,257.891,1.91,3.8,20276.154,104.0327,493445.0,1288.0,96.2,12.54695652173913,68.05565217391305
2018-09,2.19,2.59,2.81,2.94,3.05,3.19,252.182,258.368,1.95,3.7,20276.154,104.1004,491507.0,1250.0,100.1,12.910526315789474,70.2321052631579
2018-10,2.34,2.69,2.87,2.98,3.15,3.39,252.772,258.917,2.19,3.8,20304.874,103.9856,496416.0,1221.0,98.6,19.35217391304348,70.74869565217391
2018-11,2.37,2.7,2.8,2.84,3.01,3.3,252.594,259.439,2.2,3.8,20304.874,104.0681,498854.0,1181.0,97.5,19.38904761904762,56.963499999999996
2018-12,2.45,2.63,2.48,2.51,2.69,3.02,252.767,260.063,2.27,3.9,20304.874,104.0936,489113.0,1095.0,98.3,24.953157894736844,49.522777777777776
2019-01,2.41,2.55,2.45,2.43,2.63,2.99,252.561,260.766,2.4,4.0,20431.641,103.4021,490440.0,1226.0,91.2,19.57238095238095,51.37571428571429
2019-02,2.45,2.54,2.52,2.52,2.73,3.09,253.319,261.186,2.4,3.8,20431.641,102.8371,491751.0,1121.0,93.8,15.234736842105262,54.95473684210527
2019-03,2.4,2.4,2.27,2.23,2.41,2.81,254.277,261.567,2.41,3.8,20431.641,102.8757,499292.0,1191.0,98.4,14.485238095238095,58.151428571428575
2019-04,2.43,2.39,2.27,2.28,2.51,2.93,255.233,261.997,2.42,3.7,20602.275,102.274,499343.0,1272.0,97.2,12.949047619047619,63.862380952380946
2019-05,2.35,2.21,1.95,1.93,2.14,2.58,255.296,262.217,2.39,3.6,20602.275,102.392,504741.0,1293.0,100.0,16.721818181818183,60.82681818181818
2019-06,2.12,1.92,1.75,1.76,2.0,2.52,255.213,262.739,2.38,3.6,20602.275,102.4375,505251.0,1243.0,98.2,15.836000000000002,54.657500000000006
2019-07,2.08,2.0,1.89,1.84,2.02,2.53,255.802,263.28,2.4,3.7,20843.322,101.9408,509091.0,1240.0,98.4,13.305909090909092,57.35809523809524
2019-08,1.99,1.76,1.5,1.39,1.5,1.96,256.036,263.877,2.13,3.6,20843.322,102.639,512561.0,1375.0,89.8,18.97909090909091,54.80590909090909
2019-09,1.88,1.75,1.63,1.55,1.68,2.12,256.43,264.388,2.04,3.5,20843.322,102.2917,509282.0,1311.0,93.2,15.559000000000001,56.947
2019-10,1.54,1.53,1.52,1.51,1.69,2.17,257.155,264.97,1.83,3.6,20985.448,101.4281,510648.0,1325.0,95.5,15.466521739130435,53.96304347826087
2019-11,1.59,1.6,1.61,1.62,1.78,2.21,257.879,265.548,1.55,3.6,20985.448,101.9372,514215.0,1353.0,96.8,12.5235,57.048947368421054
2019-12,1.55,1.59,1.58,1.69,1.92,2.39,258.63,266.02,1.55,3.6,20985.448,101.7003,515866.0,1548.0,99.3,13.756666666666666,59.81666666666667
2020-01,1.55,1.45,1.33,1.32,1.51,1.99,259.127,266.716,1.55,3.6,20709.212,101.0338,515119.0,1581.0,99.8,13.94095238095238,57.519047619047626
2020-02,1.27,0.97,0.86,0.89,1.13,1.65,259.25,267.37,1.58,3.5,20709.212,101.3735,515330.0,1549.0,101.0,19.628947368421052,50.54263157894737
2020-03,0.11,0.17,0.23,0.37,0.7,1.35,258.076,267.054,0.65,4.4,20709.212,97.4078,468324.0,1266.0,89.1,57.73681818181819,29.207727272727276
2020-04,0.09,0.16,0.2,0.36,0.64,1.28,256.032,265.746,0.05,14.8,19077.992,84.5619,401028.0,936.0,71.8,41.453809523809525,16.547619047619047
2020-05,0.14,0.17,0.16,0.3,0.65,1.41,255.802,265.412,0.05,13.2,19077.992,85.9604,478449.0,1039.0,72.3,30.897000000000002,28.5625
2020-06,0.16,0.16,0.16,0.29,0.66,1.41,257.042,265.849,0.08,11.0,19077.992,91.5934,518038.0,1266.0,78.1,31.119545454545456,38.307272727272725
2020-07,0.09,0.11,0.11,0.21,0.55,1.2,258.352,267.389,0.09,10.2,20558.879,95.0256,526304.0,1526.0,72.5,26.840454545454545,40.710454545454546
2020-08,0.11,0.12,0.14,0.28,0.72,1.49,259.316,268.422,0.1,8.4,20558.879,95.9549,530735.0,1396.0,74.1,22.88952380952381,42.33904761904762
2020-09,0.1,0.12,0.13,0.28,0.69,1.46,259.997,268.933,0.09,7.8,20558.879,95.9669,541302.0,1473.0,80.4,27.64761904761905,39.63428571428571
2020-10,0.09,0.13,0.14,0.38,0.88,1.65,260.319,269.306,0.09,6.9,20791.917,96.7394,539114.0,1543.0,81.8,29.438636363636363,39.39590909090909
2020-11,0.08,0.11,0.16,0.36,0.84,1.58,260.911,269.981,0.09,6.7,20791.917,97.0816,533941.0,1543.0,76.9,24.9955,40.93736842105263
2020-12,0.09,0.1,0.13,0.36,0.93,1.65,262.045,270.341,0.09,6.7,20791.917,98.363,538548.0,1614.0,80.7,22.37409090909091,47.025
2021-01,0.06,0.1,0.11,0.45,1.11,1.87,262.687,270.387,0.09,6.4,21082.134,98.8822,559230.0,1624.0,79.0,24.91,52.008421052631576
2021-02,0.04,0.08,0.14,0.75,1.44,2.17,263.579,270.793,0.08,6.2,21082.134,95.6149,544891.0,1398.0,76.8,23.140526315789476,59.04631578947369
2021-03,0.03,0.07,0.16,0.92,1.74,2.41,264.961,271.459,0.07,6.1,21082.134,98.3856,603581.0,1688.0,84.9,21.84304347826087,62.333043478260876
2021-04,0.01,0.05,0.16,0.86,1.65,2.3,266.614,273.66,0.07,6.1,21440.929,98.5587,608961.0,1489.0,88.3,17.416190476190476,61.71666666666666
2021-05,0.01,0.05,0.14,0.79,1.58,2.26,268.383,275.465,0.06,5.8,21440.929,99.4333,605282.0,1600.0,82.9,19.7605,65.1695
2021-06,0.05,0.07,0.25,0.87,1.45,2.06,270.654,277.651,0.08,5.9,21440.929,99.7987,611950.0,1664.0,85.5,16.956818181818182,71.37818181818182
2021-07,0.06,0.07,0.19,0.69,1.24,1.89,271.903,278.648,0.1,5.4,21617.828,100.2519,601817.0,1600.0,81.2,17.603333333333335,72.4852380952381
2021-08,0.04,0.07,0.2,0.77,1.3,1.92,272.676,278.997,0.09,5.1,21617.828,100.0437,605533.0,1596.0,70.3,17.472727272727273,67.73045454545455
2021-09,0.04,0.09,0.28,0.98,1.52,2.08,273.91,279.698,0.08,4.7,21617.828,98.8579,609671.0,1576.0,72.8,19.824761904761903,71.64619047619047
2021-10,0.05,0.15,0.48,1.18,1.55,1.93,276.55,281.668,0.08,4.5,21988.737,100.1861,618573.0,1587.0,71.7,17.871428571428574,81.47666666666666
2021-11,0.05,0.24,0.52,1.14,1.43,1.78,278.919,283.406,0.08,4.1,21988.737,100.8654,624874.0,1707.0,67.4,18.50047619047619,79.14750000000001
2021-12,0.06,0.39,0.73,1.26,1.52,1.9,280.845,285.18,0.08,3.9,21988.737,100.5726,619938.0,1711.0,70.6,21.354545454545455,71.71181818181819
2022-01,0.22,0.78,1.18,1.62,1.79,2.11,282.543,286.757,0.08,4.0,21932.71,100.1856,631509.0,1693.0,67.2,23.181,83.22200000000001
2022-02,0.35,1.01,1.44,1.71,1.83,2.17,284.5,288.273,0.08,3.9,21932.71,100.8064,638101.0,1730.0,62.8,25.748421052631578,91.64105263157894
2022-03,0.52,1.63,2.28,2.42,2.32,2.44,287.674,289.056,0.2,3.7,21932.71,101.3907,651027.0,1700.0,59.4,26.968695652173913,108.50260869565217
2022-04,0.85,2.1,2.7,2.92,2.89,2.96,288.561,290.514,0.33,3.7,21967.045,101.44,660194.0,1807.0,65.2,24.3735,101.7775
2022-05,1.16,2.08,2.53,2.81,2.85,3.07,291.298,292.063,0.77,3.6,21967.045,101.3335,659847.0,1546.0,58.4,29.313636363636363,109.55238095238094
2022-06,1.72,2.8,2.92,3.01,2.98,3.14,294.957,294.05,1.21,3.6,21967.045,101.018,666113.0,1556.0,50.0,28.23318181818182,114.83714285714285
2022-07,2.41,2.98,2.89,2.7,2.67,3.0,294.913,295.088,1.68,3.5,22125.625,101.223,659550.0,1382.0,51.5,24.995238095238093,101.619
2022-08,2.96,3.5,3.45,3.3,3.15,3.27,295.097,296.535,2.33,3.6,22125.625,101.0963,663566.0,1532.0,58.2,22.169565217391302,93.66521739130435
2022-09,3.33,4.05,4.22,4.06,3.83,3.79,296.349,298.226,2.56,3.5,22125.625,101.2918,661854.0,1481.0,58.6,27.34181818181818,84.25809523809524
2022-10,4.22,4.66,4.51,4.27,4.1,4.22,298.007,299.399,3.08,3.6,22278.345,101.2529,668671.0,1446.0,59.9,30.005714285714287,87.5547619047619
2022-11,4.37,4.74,4.38,3.82,3.68,3.8,298.786,300.325,3.78,3.6,22278.345,100.9552,659458.0,1434.0,56.7,23.29909090909091,84.37047619047618
2022-12,4.42,4.73,4.41,3.99,3.88,3.97,298.832,301.394,4.1,3.5,22278.345,99.7664,651763.0,1296.0,59.8,21.784285714285716,76.43714285714286
2023-01,4.7,4.68,4.21,3.63,3.52,3.65,300.42,302.642,4.33,3.5,22439.607,100.505,680253.0,1358.0,64.9,20.16904761904762,78.123
2023-02,4.88,5.02,4.81,4.18,3.92,3.93,301.45,304.123,4.57,3.6,22439.607,100.6416,672152.0,1395.0,66.9,20.1205,76.83263157894737
2023-03,4.85,4.64,4.06,3.6,3.48,3.67,301.821,305.147,4.65,3.5,22439.607,101.0205,665071.0,1366.0,62.0,21.644347826086957,73.27782608695652
2023-04,5.1,4.8,4.04,3.51,3.44,3.67,302.845,306.534,4.83,3.4,22580.499,101.253,670494.0,1343.0,63.7,17.817894736842106,79.44631578947369
2023-05,5.52,5.18,4.4,3.74,3.64,3.85,303.334,307.652,5.06,3.6,22580.499,100.9286,673902.0,1609.0,59.0,17.63608695652174,71.57818181818182
2023-06,5.43,5.4,4.87,4.13,3.81,3.85,304.014,308.322,5.08,3.6,22580.499,100.1196,677117.0,1420.0,64.2,14.003181818181817,70.24809523809525
2023-07,5.55,5.37,4.88,4.18,3.97,4.02,304.609,308.96,5.12,3.5,22840.989,100.9067,678424.0,1464.0,71.5,13.932380952380951,76.0695
2023-08,5.56,5.37,4.85,4.23,4.09,4.2,306.082,309.58,5.33,3.7,22840.989,100.8393,684755.0,1321.0,69.4,15.85391304347826,81.38608695652174
2023-09,5.55,5.46,5.03,4.6,4.59,4.73,307.276,310.539,5.33,3.7,22840.989,101.0211,689403.0,1369.0,67.8,15.173333333333332,89.425
2023-10,5.59,5.44,5.07,4.82,4.88,5.04,307.696,311.457,5.33,3.9,23033.78,100.4689,686148.0,1380.0,63.8,18.887727272727272,85.63952380952381
2023-11,5.45,5.16,4.73,4.31,4.37,4.54,308.148,312.392,5.33,3.7,23033.78,100.8639,685328.0,1522.0,61.3,14.01909090909091,77.685
2023-12,5.4,4.79,4.23,3.84,3.88,4.03,308.741,313.195,5.33,3.8,23033.78,100.6031,686277.0,1504.0,69.7,12.7185,71.9
2024-01,5.42,4.73,4.27,3.91,3.99,4.22,309.698,314.319,5.33,3.7,23082.119,99.2223,680456.0,1378.0,79.0,13.388636363636364,74.15238095238095
2024-02,5.45,5.01,4.64,4.26,4.25,4.38,310.967,315.564,5.33,3.9,23082.119,100.285,685280.0,1555.0,76.9,13.980476190476189,77.249
2024-03,5.46,5.03,4.59,4.21,4.2,4.34,312.345,316.792,5.33,3.9,23082.119,100.4575,687641.0,1297.0,79.4,13.7875,81.27799999999999
2024-04,5.46,5.25,5.04,4.72,4.69,4.79,313.023,317.649,5.33,3.9,23286.508,100.2434,687602.0,1379.0,77.2,16.137727272727275,85.34727272727274
2024-05,5.46,5.18,4.89,4.52,4.51,4.65,313.175,318.095,5.33,3.9,23286.508,100.863,692774.0,1329.0,69.1,13.058695652173913,80.02454545454545
2024-06,5.48,5.09,4.71,4.33,4.36,4.51,313.044,318.39,5.33,4.1,23286.508,100.894,692449.0,1318.0,68.2,12.667,79.76736842105262
2024-07,5.41,4.73,4.29,3.97,4.09,4.35,313.569,318.94,5.33,4.2,23478.57,99.9757,698835.0,1269.0,66.4,14.373913043478263,81.80045454545454
2024-08,5.21,4.38,3.91,3.71,3.91,4.2,314.062,319.75,5.33,4.2,23478.57,100.4309,697039.0,1394.0,67.9,19.312272727272727,76.68318181818182
2024-09,4.73,3.98,3.66,3.58,3.81,4.14,314.732,320.732,5.13,4.1,23478.57,99.8084,703055.0,1357.0,70.1,17.663333333333334,70.236
2024-10,4.64,4.27,4.16,4.15,4.28,4.47,315.631,321.731,4.83,4.1,23586.542,99.4695,708290.0,1370.0,70.5,19.960869565217394,71.985
2024-11,4.58,4.3,4.13,4.05,4.18,4.36,316.528,322.657,4.64,4.2,23586.542,99.2925,711853.0,1300.0,71.8,16.015238095238097,69.95
2024-12,4.37,4.16,4.25,4.38,4.58,4.78,317.604,323.259,4.48,4.1,23586.542,100.3273,717265.0,1494.0,74.0,15.866190476190477,70.11809523809524
2025-01,4.31,4.17,4.22,4.36,4.58,4.83,318.961,324.638,4.33,4.0,23548.21,100.0647,711260.0,1353.0,71.7,16.763636363636365,75.74249999999999
2025-02,4.32,4.08,3.99,4.03,4.24,4.51,319.679,325.465,4.33,4.2,23548.21,101.0993,711575.0,1491.0,64.7,16.968,71.53315789473685
2025-03,4.32,4.03,3.89,3.96,4.23,4.59,319.785,325.69,4.33,4.2,23548.21,101.0404,723339.0,1346.0,57.0,21.841428571428573,68.23904761904762
2025-04,4.31,3.85,3.6,3.72,4.17,4.66,320.302,326.467,4.33,4.2,23770.976,101.1279,722442.0,1400.0,52.2,31.966190476190473,63.53666666666667
2025-05,4.36,4.11,3.89,3.96,4.41,4.92,320.62,326.893,4.33,4.3,23770.976,100.9655,714513.0,1289.0,52.2,20.46227272727273,62.16761904761905
2025-06,4.41,3.96,3.72,3.79,4.24,4.78,321.435,327.658,4.33,4.1,23770.976,101.4785,720164.0,1379.0,60.7,18.403333333333336,68.16900000000001
2025-07,4.41,4.1,3.94,3.96,4.37,4.89,322.169,328.682,4.33,4.3,24026.834,101.894,727727.0,1432.0,61.7,16.381304347826084,68.39090909090909
2025-08,4.23,3.83,3.59,3.68,4.23,4.92,323.291,329.7,4.33,4.3,24026.834,101.6247,731700.0,1291.0,58.2,15.75,64.86428571428571
2025-09,4.02,3.68,3.6,3.74,4.16,4.73,324.245,330.418,4.22,4.4,24026.834,101.668,732192.0,1319.0,55.1,15.789090909090909,63.959047619047624
2025-10,3.89,3.7,3.6,3.71,4.11,4.67,,,4.09,,24055.749,101.2195,731051.0,1273.0,53.6,18.086521739130436,60.89454545454546
2025-11,3.88,3.61,3.47,3.59,4.02,4.67,325.063,331.043,3.88,4.5,24055.749,101.0344,734718.0,1319.0,51.0,19.7695,60.06222222222222
2025-12,3.67,3.48,3.47,3.73,4.18,4.84,326.031,331.814,3.72,4.4,24055.749,101.4941,734717.0,1378.0,52.9,15.548181818181819,57.972272727272724
2026-01,3.67,3.48,3.52,3.79,4.26,4.87,326.588,332.793,3.64,4.3,24180.419,101.0388,734503.0,1385.0,56.4,16.17904761904762,60.037
2026-02,3.67,3.48,3.38,3.51,3.97,4.64,327.46,333.512,3.64,4.4,24180.419,101.9263,741278.0,1346.0,56.6,19.207,64.50842105263159
2026-03,3.7,3.68,3.79,3.92,4.3,4.88,330.293,334.165,3.64,4.3,24180.419,101.6172,754013.0,1522.0,53.3,25.596818181818183,91.38363636363637
2026-04,3.68,3.72,3.88,4.02,4.4,4.98,332.407,335.423,3.64,4.3,24270.599,102.4196,759097.0,1414.0,49.8,19.811904761904763,100.31666666666668
2026-05,3.69,3.79,3.98,4.13,4.45,4.99,333.979,336.121,3.63,4.3,24270.599,102.5606,766876.0,1199.0,44.8,17.237142857142857,102.134
2026-06,3.87,3.98,4.14,4.19,4.44,4.91,332.568,336.065,3.63,4.2,24270.599,102.6395,768553.0,1427.0,49.5,17.90681818181818,84.80714285714286
